{
 "allow_copy": 0, 
 "allow_import": 0, 
 "allow_rename": 0, 
 "autoname": "hash", 
 "beta": 0, 
 "creation": "2013-03-08 15:37:16", 
 "custom": 0, 
 "description": "For the convenience of customers, these codes can be used in print formats like Invoices and Delivery Notes", 
 "docstatus": 0, 
 "doctype": "DocType", 
 "editable_grid": 1, 
 "fields": [
  {
   "allow_on_submit": 0, 
   "bold": 1, 
   "collapsible": 0, 
   "fieldname": "customer_name", 
   "fieldtype": "Link", 
   "hidden": 0, 
   "ignore_user_permissions": 0, 
   "ignore_xss_filter": 0, 
   "in_filter": 1, 
   "in_list_view": 1, 
   "label": "Customer Name", 
   "length": 0, 
   "no_copy": 0, 
   "oldfieldname": "price_list_name", 
   "oldfieldtype": "Select", 
   "options": "Customer", 
   "permlevel": 0, 
   "print_hide": 0, 
   "print_hide_if_no_value": 0, 
   "print_width": "180px", 
   "read_only": 0, 
   "report_hide": 0, 
   "reqd": 1, 
   "search_index": 1, 
   "set_only_once": 0, 
   "unique": 0, 
   "width": "180px"
  }, 
  {
   "allow_on_submit": 0, 
   "bold": 0, 
   "collapsible": 0, 
   "fieldname": "ref_code", 
   "fieldtype": "Data", 
   "hidden": 0, 
   "ignore_user_permissions": 0, 
   "ignore_xss_filter": 0, 
   "in_filter": 1, 
   "in_list_view": 1, 
   "label": "Ref Code", 
   "length": 0, 
   "no_copy": 0, 
   "oldfieldname": "ref_rate", 
   "oldfieldtype": "Currency", 
   "permlevel": 0, 
   "print_hide": 0, 
   "print_hide_if_no_value": 0, 
   "print_width": "120px", 
   "read_only": 0, 
   "report_hide": 0, 
   "reqd": 1, 
   "search_index": 1, 
   "set_only_once": 0, 
   "unique": 0, 
   "width": "120px"
  }
 ], 
 "hide_heading": 0, 
 "hide_toolbar": 0, 
 "idx": 1, 
 "image_view": 0, 
 "in_create": 0, 
 "in_dialog": 0, 
 "is_submittable": 0, 
 "issingle": 0, 
 "istable": 1, 
 "max_attachments": 0, 
 "modified": "2016-07-11 03:28:00.992064", 
 "modified_by": "Administrator", 
 "module": "Stock", 
 "name": "Item Customer Detail", 
 "owner": "Administrator", 
 "permissions": [], 
 "quick_entry": 0, 
 "read_only": 0, 
 "read_only_onload": 0, 
 "track_seen": 0
}