{
 "allow_copy": 0, 
 "allow_import": 0, 
 "allow_rename": 0, 
 "autoname": "", 
 "beta": 0, 
 "creation": "2015-05-19 05:12:30.344797", 
 "custom": 0, 
 "docstatus": 0, 
 "doctype": "DocType", 
 "document_type": "Other", 
 "editable_grid": 1, 
 "fields": [
  {
   "allow_on_submit": 0, 
   "bold": 0, 
   "collapsible": 0, 
   "fieldname": "attribute", 
   "fieldtype": "Link", 
   "hidden": 0, 
   "ignore_user_permissions": 0, 
   "ignore_xss_filter": 0, 
   "in_filter": 0, 
   "in_list_view": 1, 
   "label": "Attribute", 
   "length": 0, 
   "no_copy": 0, 
   "options": "Item Attribute", 
   "permlevel": 0, 
   "precision": "", 
   "print_hide": 0, 
   "print_hide_if_no_value": 0, 
   "read_only": 0, 
   "report_hide": 0, 
   "reqd": 1, 
   "search_index": 0, 
   "set_only_once": 0, 
   "unique": 0
  }, 
  {
   "allow_on_submit": 0, 
   "bold": 0, 
   "collapsible": 0, 
   "fieldname": "column_break_2", 
   "fieldtype": "Column Break", 
   "hidden": 0, 
   "ignore_user_permissions": 0, 
   "ignore_xss_filter": 0, 
   "in_filter": 0, 
   "in_list_view": 0, 
   "length": 0, 
   "no_copy": 0, 
   "permlevel": 0, 
   "precision": "", 
   "print_hide": 0, 
   "print_hide_if_no_value": 0, 
   "read_only": 0, 
   "report_hide": 0, 
   "reqd": 0, 
   "search_index": 0, 
   "set_only_once": 0, 
   "unique": 0
  }, 
  {
   "allow_on_submit": 0, 
   "bold": 0, 
   "collapsible": 0, 
   "depends_on": "", 
   "fieldname": "attribute_value", 
   "fieldtype": "Data", 
   "hidden": 0, 
   "ignore_user_permissions": 0, 
   "ignore_xss_filter": 0, 
   "in_filter": 0, 
   "in_list_view": 1, 
   "label": "Attribute Value", 
   "length": 0, 
   "no_copy": 0, 
   "options": "", 
   "permlevel": 0, 
   "precision": "", 
   "print_hide": 0, 
   "print_hide_if_no_value": 0, 
   "read_only": 0, 
   "report_hide": 0, 
   "reqd": 0, 
   "search_index": 0, 
   "set_only_once": 0, 
   "unique": 0
  }, 
  {
   "allow_on_submit": 0, 
   "bold": 0, 
   "collapsible": 0, 
   "depends_on": "has_variants", 
   "fieldname": "numeric_values", 
   "fieldtype": "Check", 
   "hidden": 0, 
   "ignore_user_permissions": 0, 
   "ignore_xss_filter": 0, 
   "in_filter": 0, 
   "in_list_view": 0, 
   "label": "Numeric Values", 
   "length": 0, 
   "no_copy": 0, 
   "permlevel": 0, 
   "precision": "", 
   "print_hide": 0, 
   "print_hide_if_no_value": 0, 
   "read_only": 0, 
   "report_hide": 0, 
   "reqd": 0, 
   "search_index": 0, 
   "set_only_once": 0, 
   "unique": 0
  }, 
  {
   "allow_on_submit": 0, 
   "bold": 0, 
   "collapsible": 0, 
   "depends_on": "numeric_values", 
   "fieldname": "section_break_4", 
   "fieldtype": "Section Break", 
   "hidden": 0, 
   "ignore_user_permissions": 0, 
   "ignore_xss_filter": 0, 
   "in_filter": 0, 
   "in_list_view": 0, 
   "length": 0, 
   "no_copy": 0, 
   "permlevel": 0, 
   "precision": "", 
   "print_hide": 0, 
   "print_hide_if_no_value": 0, 
   "read_only": 0, 
   "report_hide": 0, 
   "reqd": 0, 
   "search_index": 0, 
   "set_only_once": 0, 
   "unique": 0
  }, 
  {
   "allow_on_submit": 0, 
   "bold": 0, 
   "collapsible": 0, 
   "depends_on": "", 
   "fieldname": "from_range", 
   "fieldtype": "Float", 
   "hidden": 0, 
   "ignore_user_permissions": 0, 
   "ignore_xss_filter": 0, 
   "in_filter": 0, 
   "in_list_view": 0, 
   "label": "From Range", 
   "length": 0, 
   "no_copy": 0, 
   "permlevel": 0, 
   "precision": "", 
   "print_hide": 0, 
   "print_hide_if_no_value": 0, 
   "read_only": 0, 
   "report_hide": 0, 
   "reqd": 0, 
   "search_index": 0, 
   "set_only_once": 0, 
   "unique": 0
  }, 
  {
   "allow_on_submit": 0, 
   "bold": 0, 
   "collapsible": 0, 
   "depends_on": "", 
   "fieldname": "increment", 
   "fieldtype": "Float", 
   "hidden": 0, 
   "ignore_user_permissions": 0, 
   "ignore_xss_filter": 0, 
   "in_filter": 0, 
   "in_list_view": 0, 
   "label": "Increment", 
   "length": 0, 
   "no_copy": 0, 
   "permlevel": 0, 
   "precision": "", 
   "print_hide": 0, 
   "print_hide_if_no_value": 0, 
   "read_only": 0, 
   "report_hide": 0, 
   "reqd": 0, 
   "search_index": 0, 
   "set_only_once": 0, 
   "unique": 0
  }, 
  {
   "allow_on_submit": 0, 
   "bold": 0, 
   "collapsible": 0, 
   "fieldname": "column_break_8", 
   "fieldtype": "Column Break", 
   "hidden": 0, 
   "ignore_user_permissions": 0, 
   "ignore_xss_filter": 0, 
   "in_filter": 0, 
   "in_list_view": 0, 
   "length": 0, 
   "no_copy": 0, 
   "permlevel": 0, 
   "precision": "", 
   "print_hide": 0, 
   "print_hide_if_no_value": 0, 
   "read_only": 0, 
   "report_hide": 0, 
   "reqd": 0, 
   "search_index": 0, 
   "set_only_once": 0, 
   "unique": 0
  }, 
  {
   "allow_on_submit": 0, 
   "bold": 0, 
   "collapsible": 0, 
   "depends_on": "", 
   "fieldname": "to_range", 
   "fieldtype": "Float", 
   "hidden": 0, 
   "ignore_user_permissions": 0, 
   "ignore_xss_filter": 0, 
   "in_filter": 0, 
   "in_list_view": 0, 
   "label": "To Range", 
   "length": 0, 
   "no_copy": 0, 
   "permlevel": 0, 
   "precision": "", 
   "print_hide": 0, 
   "print_hide_if_no_value": 0, 
   "read_only": 0, 
   "report_hide": 0, 
   "reqd": 0, 
   "search_index": 0, 
   "set_only_once": 0, 
   "unique": 0
  }
 ], 
 "hide_heading": 0, 
 "hide_toolbar": 0, 
 "icon": "", 
 "idx": 0, 
 "image_view": 0, 
 "in_create": 0, 
 "in_dialog": 0, 
 "is_submittable": 0, 
 "issingle": 0, 
 "istable": 1, 
 "max_attachments": 0, 
 "modified": "2016-07-11 03:28:01.395442", 
 "modified_by": "Administrator", 
 "module": "Stock", 
 "name": "Item Variant Attribute", 
 "name_case": "", 
 "owner": "Administrator", 
 "permissions": [], 
 "quick_entry": 0, 
 "read_only": 0, 
 "read_only_onload": 0, 
 "sort_field": "modified", 
 "sort_order": "DESC", 
 "track_seen": 0
}