{
 "allow_copy": 0,
 "allow_guest_to_view": 0,
 "allow_import": 0,
 "allow_rename": 0,
 "autoname": "hash",
 "beta": 0,
 "creation": "2013-03-29 18:22:12",
 "custom": 0,
 "docstatus": 0,
 "doctype": "DocType",
 "document_type": "Other",
 "editable_grid": 1,
 "engine": "InnoDB",
 "fields": [
  {
   "allow_on_submit": 0,
   "bold": 0,
   "collapsible": 0,
   "columns": 0,
   "fieldname": "barcode",
   "fieldtype": "Data",
   "hidden": 0,
   "ignore_user_permissions": 0,
   "ignore_xss_filter": 0,
   "in_filter": 0,
   "in_global_search": 0,
   "in_list_view": 0,
   "in_standard_filter": 0,
   "label": "Barcode",
   "length": 0,
   "no_copy": 0,
   "permlevel": 0,
   "precision": "",
   "print_hide": 0,
   "print_hide_if_no_value": 0,
   "read_only": 0,
   "remember_last_selected_value": 0,
   "report_hide": 0,
   "reqd": 0,
   "search_index": 0,
   "set_only_once": 0,
   "unique": 0
  },
  {
   "allow_on_submit": 0,
   "bold": 0,
   "collapsible": 0,
   "columns": 0,
   "fieldname": "section_break_2",
   "fieldtype": "Section Break",
   "hidden": 0,
   "ignore_user_permissions": 0,
   "ignore_xss_filter": 0,
   "in_filter": 0,
   "in_global_search": 0,
   "in_list_view": 0,
   "in_standard_filter": 0,
   "length": 0,
   "no_copy": 0,
   "permlevel": 0,
   "precision": "",
   "print_hide": 0,
   "print_hide_if_no_value": 0,
   "read_only": 0,
   "remember_last_selected_value": 0,
   "report_hide": 0,
   "reqd": 0,
   "search_index": 0,
   "set_only_once": 0,
   "unique": 0
  },
  {
   "allow_on_submit": 0,
   "bold": 0,
   "collapsible": 0,
   "columns": 2,
   "fieldname": "s_warehouse",
   "fieldtype": "Link",
   "hidden": 0,
   "ignore_user_permissions": 0,
   "ignore_xss_filter": 0,
   "in_filter": 0,
   "in_global_search": 0,
   "in_list_view": 1,
   "in_standard_filter": 0,
   "label": "Source Warehouse",
   "length": 0,
   "no_copy": 0,
   "oldfieldname": "s_warehouse",
   "oldfieldtype": "Link",
   "options": "Warehouse",
   "permlevel": 0,
   "print_hide": 0,
   "print_hide_if_no_value": 0,
   "read_only": 0,
   "remember_last_selected_value": 0,
   "report_hide": 0,
   "reqd": 0,
   "search_index": 0,
   "set_only_once": 0,
   "unique": 0
  },
  {
   "allow_on_submit": 0,
   "bold": 0,
   "collapsible": 0,
   "columns": 0,
   "fieldname": "col_break1",
   "fieldtype": "Column Break",
   "hidden": 0,
   "ignore_user_permissions": 0,
   "ignore_xss_filter": 0,
   "in_filter": 0,
   "in_global_search": 0,
   "in_list_view": 0,
   "in_standard_filter": 0,
   "length": 0,
   "no_copy": 0,
   "permlevel": 0,
   "print_hide": 0,
   "print_hide_if_no_value": 0,
   "read_only": 0,
   "remember_last_selected_value": 0,
   "report_hide": 0,
   "reqd": 0,
   "search_index": 0,
   "set_only_once": 0,
   "unique": 0
  },
  {
   "allow_on_submit": 0,
   "bold": 0,
   "collapsible": 0,
   "columns": 2,
   "fieldname": "t_warehouse",
   "fieldtype": "Link",
   "hidden": 0,
   "ignore_user_permissions": 0,
   "ignore_xss_filter": 0,
   "in_filter": 0,
   "in_global_search": 0,
   "in_list_view": 1,
   "in_standard_filter": 0,
   "label": "Target Warehouse",
   "length": 0,
   "no_copy": 0,
   "oldfieldname": "t_warehouse",
   "oldfieldtype": "Link",
   "options": "Warehouse",
   "permlevel": 0,
   "print_hide": 0,
   "print_hide_if_no_value": 0,
   "read_only": 0,
   "remember_last_selected_value": 0,
   "report_hide": 0,
   "reqd": 0,
   "search_index": 0,
   "set_only_once": 0,
   "unique": 0
  },
  {
   "allow_on_submit": 0,
   "bold": 0,
   "collapsible": 0,
   "columns": 0,
   "fieldname": "sec_break1",
   "fieldtype": "Section Break",
   "hidden": 0,
   "ignore_user_permissions": 0,
   "ignore_xss_filter": 0,
   "in_filter": 0,
   "in_global_search": 0,
   "in_list_view": 0,
   "in_standard_filter": 0,
   "length": 0,
   "no_copy": 0,
   "permlevel": 0,
   "print_hide": 0,
   "print_hide_if_no_value": 0,
   "read_only": 0,
   "remember_last_selected_value": 0,
   "report_hide": 0,
   "reqd": 0,
   "search_index": 0,
   "set_only_once": 0,
   "unique": 0
  },
  {
   "allow_on_submit": 0,
   "bold": 1,
   "collapsible": 0,
   "columns": 3,
   "fieldname": "item_code",
   "fieldtype": "Link",
   "hidden": 0,
   "ignore_user_permissions": 0,
   "ignore_xss_filter": 0,
   "in_filter": 0,
   "in_global_search": 1,
   "in_list_view": 1,
   "in_standard_filter": 0,
   "label": "Item Code",
   "length": 0,
   "no_copy": 0,
   "oldfieldname": "item_code",
   "oldfieldtype": "Link",
   "options": "Item",
   "permlevel": 0,
   "print_hide": 0,
   "print_hide_if_no_value": 0,
   "read_only": 0,
   "remember_last_selected_value": 0,
   "report_hide": 0,
   "reqd": 1,
   "search_index": 1,
   "set_only_once": 0,
   "unique": 0
  },
  {
   "allow_on_submit": 0,
   "bold": 0,
   "collapsible": 0,
   "columns": 0,
   "fieldname": "col_break2",
   "fieldtype": "Column Break",
   "hidden": 0,
   "ignore_user_permissions": 0,
   "ignore_xss_filter": 0,
   "in_filter": 0,
   "in_global_search": 0,
   "in_list_view": 0,
   "in_standard_filter": 0,
   "length": 0,
   "no_copy": 0,
   "permlevel": 0,
   "print_hide": 0,
   "print_hide_if_no_value": 0,
   "read_only": 0,
   "remember_last_selected_value": 0,
   "report_hide": 0,
   "reqd": 0,
   "search_index": 0,
   "set_only_once": 0,
   "unique": 0
  },
  {
   "allow_on_submit": 0,
   "bold": 0,
   "collapsible": 0,
   "columns": 0,
   "fieldname": "item_name",
   "fieldtype": "Data",
   "hidden": 0,
   "ignore_user_permissions": 0,
   "ignore_xss_filter": 0,
   "in_filter": 0,
   "in_global_search": 1,
   "in_list_view": 0,
   "in_standard_filter": 0,
   "label": "Item Name",
   "length": 0,
   "no_copy": 0,
   "permlevel": 0,
   "print_hide": 1,
   "print_hide_if_no_value": 0,
   "read_only": 1,
   "remember_last_selected_value": 0,
   "report_hide": 0,
   "reqd": 0,
   "search_index": 0,
   "set_only_once": 0,
   "unique": 0
  },
  {
   "allow_on_submit": 0,
   "bold": 0,
   "collapsible": 1,
   "columns": 0,
   "fieldname": "section_break_8",
   "fieldtype": "Section Break",
   "hidden": 0,
   "ignore_user_permissions": 0,
   "ignore_xss_filter": 0,
   "in_filter": 0,
   "in_global_search": 0,
   "in_list_view": 0,
   "in_standard_filter": 0,
   "label": "Description",
   "length": 0,
   "no_copy": 0,
   "permlevel": 0,
   "precision": "",
   "print_hide": 0,
   "print_hide_if_no_value": 0,
   "read_only": 0,
   "remember_last_selected_value": 0,
   "report_hide": 0,
   "reqd": 0,
   "search_index": 0,
   "set_only_once": 0,
   "unique": 0
  },
  {
   "allow_on_submit": 0,
   "bold": 0,
   "collapsible": 0,
   "columns": 0,
   "fieldname": "description",
   "fieldtype": "Text Editor",
   "hidden": 0,
   "ignore_user_permissions": 0,
   "ignore_xss_filter": 0,
   "in_filter": 0,
   "in_global_search": 0,
   "in_list_view": 0,
   "in_standard_filter": 0,
   "label": "Description",
   "length": 0,
   "no_copy": 0,
   "oldfieldname": "description",
   "oldfieldtype": "Text",
   "permlevel": 0,
   "print_hide": 0,
   "print_hide_if_no_value": 0,
   "print_width": "300px",
   "read_only": 0,
   "remember_last_selected_value": 0,
   "report_hide": 0,
   "reqd": 0,
   "search_index": 0,
   "set_only_once": 0,
   "unique": 0,
   "width": "300px"
  },
  {
   "allow_on_submit": 0,
   "bold": 0,
   "collapsible": 0,
   "columns": 0,
   "fieldname": "column_break_10",
   "fieldtype": "Column Break",
   "hidden": 0,
   "ignore_user_permissions": 0,
   "ignore_xss_filter": 0,
   "in_filter": 0,
   "in_global_search": 0,
   "in_list_view": 0,
   "in_standard_filter": 0,
   "length": 0,
   "no_copy": 0,
   "permlevel": 0,
   "precision": "",
   "print_hide": 0,
   "print_hide_if_no_value": 0,
   "read_only": 0,
   "remember_last_selected_value": 0,
   "report_hide": 0,
   "reqd": 0,
   "search_index": 0,
   "set_only_once": 0,
   "unique": 0
  },
  {
   "allow_on_submit": 0,
   "bold": 0,
   "collapsible": 0,
   "columns": 0,
   "fieldname": "image",
   "fieldtype": "Attach",
   "hidden": 1,
   "ignore_user_permissions": 0,
   "ignore_xss_filter": 0,
   "in_filter": 0,
   "in_global_search": 0,
   "in_list_view": 0,
   "in_standard_filter": 0,
   "label": "Image",
   "length": 0,
   "no_copy": 0,
   "permlevel": 0,
   "precision": "",
   "print_hide": 0,
   "print_hide_if_no_value": 0,
   "read_only": 0,
   "remember_last_selected_value": 0,
   "report_hide": 0,
   "reqd": 0,
   "search_index": 0,
   "set_only_once": 0,
   "unique": 0
  },
  {
   "allow_on_submit": 0,
   "bold": 0,
   "collapsible": 0,
   "columns": 0,
   "fieldname": "image_view",
   "fieldtype": "Image",
   "hidden": 0,
   "ignore_user_permissions": 0,
   "ignore_xss_filter": 0,
   "in_filter": 0,
   "in_global_search": 0,
   "in_list_view": 0,
   "in_standard_filter": 0,
   "label": "Image View",
   "length": 0,
   "no_copy": 0,
   "options": "image",
   "permlevel": 0,
   "precision": "",
   "print_hide": 1,
   "print_hide_if_no_value": 0,
   "read_only": 0,
   "remember_last_selected_value": 0,
   "report_hide": 0,
   "reqd": 0,
   "search_index": 0,
   "set_only_once": 0,
   "unique": 0
  },
  {
   "allow_on_submit": 0,
   "bold": 0,
   "collapsible": 0,
   "columns": 0,
   "fieldname": "quantity_and_rate",
   "fieldtype": "Section Break",
   "hidden": 0,
   "ignore_user_permissions": 0,
   "ignore_xss_filter": 0,
   "in_filter": 0,
   "in_global_search": 0,
   "in_list_view": 0,
   "in_standard_filter": 0,
   "label": "Quantity and Rate",
   "length": 0,
   "no_copy": 0,
   "permlevel": 0,
   "print_hide": 0,
   "print_hide_if_no_value": 0,
   "read_only": 0,
   "remember_last_selected_value": 0,
   "report_hide": 0,
   "reqd": 0,
   "search_index": 0,
   "set_only_once": 0,
   "unique": 0
  },
  {
   "allow_on_submit": 0,
   "bold": 1,
   "collapsible": 0,
   "columns": 3,
   "fieldname": "qty",
   "fieldtype": "Float",
   "hidden": 0,
   "ignore_user_permissions": 0,
   "ignore_xss_filter": 0,
   "in_filter": 0,
   "in_global_search": 0,
   "in_list_view": 1,
   "in_standard_filter": 0,
   "label": "Qty",
   "length": 0,
   "no_copy": 0,
   "oldfieldname": "qty",
   "oldfieldtype": "Currency",
   "permlevel": 0,
   "print_hide": 0,
   "print_hide_if_no_value": 0,
   "read_only": 0,
   "remember_last_selected_value": 0,
   "report_hide": 0,
   "reqd": 1,
   "search_index": 0,
   "set_only_once": 0,
   "unique": 0
  },
  {
   "allow_on_submit": 0,
   "bold": 1,
   "collapsible": 0,
   "columns": 0,
   "fieldname": "basic_rate",
   "fieldtype": "Currency",
   "hidden": 0,
   "ignore_user_permissions": 0,
   "ignore_xss_filter": 0,
   "in_filter": 0,
   "in_global_search": 0,
   "in_list_view": 0,
   "in_standard_filter": 0,
   "label": "Basic Rate (as per Stock UOM)",
   "length": 0,
   "no_copy": 0,
   "oldfieldname": "incoming_rate",
   "oldfieldtype": "Currency",
   "options": "Company:company:default_currency",
   "permlevel": 0,
   "print_hide": 1,
   "print_hide_if_no_value": 0,
   "read_only": 0,
   "remember_last_selected_value": 0,
   "report_hide": 0,
   "reqd": 0,
   "search_index": 0,
   "set_only_once": 0,
   "unique": 0
  },
  {
   "allow_on_submit": 0,
   "bold": 0,
   "collapsible": 0,
   "columns": 0,
   "fieldname": "basic_amount",
   "fieldtype": "Currency",
   "hidden": 0,
   "ignore_user_permissions": 0,
   "ignore_xss_filter": 0,
   "in_filter": 0,
   "in_global_search": 0,
   "in_list_view": 0,
   "in_standard_filter": 0,
   "label": "Basic Amount",
   "length": 0,
   "no_copy": 0,
   "options": "Company:company:default_currency",
   "permlevel": 0,
   "precision": "",
   "print_hide": 1,
   "print_hide_if_no_value": 0,
   "read_only": 1,
   "remember_last_selected_value": 0,
   "report_hide": 0,
   "reqd": 0,
   "search_index": 0,
   "set_only_once": 0,
   "unique": 0
  },
  {
   "allow_on_submit": 0,
   "bold": 0,
   "collapsible": 0,
   "columns": 0,
   "fieldname": "additional_cost",
   "fieldtype": "Currency",
   "hidden": 0,
   "ignore_user_permissions": 0,
   "ignore_xss_filter": 0,
   "in_filter": 0,
   "in_global_search": 0,
   "in_list_view": 0,
   "in_standard_filter": 0,
   "label": "Additional Cost",
   "length": 0,
   "no_copy": 0,
   "options": "Company:company:default_currency",
   "permlevel": 0,
   "precision": "",
   "print_hide": 1,
   "print_hide_if_no_value": 0,
   "read_only": 1,
   "remember_last_selected_value": 0,
   "report_hide": 0,
   "reqd": 0,
   "search_index": 0,
   "set_only_once": 0,
   "unique": 0
  },
  {
   "allow_on_submit": 0,
   "bold": 0,
   "collapsible": 0,
   "columns": 0,
   "fieldname": "amount",
   "fieldtype": "Currency",
   "hidden": 0,
   "ignore_user_permissions": 0,
   "ignore_xss_filter": 0,
   "in_filter": 0,
   "in_global_search": 0,
   "in_list_view": 0,
   "in_standard_filter": 0,
   "label": "Amount",
   "length": 0,
   "no_copy": 0,
   "oldfieldname": "amount",
   "oldfieldtype": "Currency",
   "options": "Company:company:default_currency",
   "permlevel": 0,
   "print_hide": 0,
   "print_hide_if_no_value": 0,
   "read_only": 1,
   "remember_last_selected_value": 0,
   "report_hide": 0,
   "reqd": 0,
   "search_index": 0,
   "set_only_once": 0,
   "unique": 0
  },
  {
   "allow_on_submit": 0,
   "bold": 0,
   "collapsible": 0,
   "columns": 0,
   "fieldname": "valuation_rate",
   "fieldtype": "Currency",
   "hidden": 0,
   "ignore_user_permissions": 0,
   "ignore_xss_filter": 0,
   "in_filter": 0,
   "in_global_search": 0,
   "in_list_view": 0,
   "in_standard_filter": 0,
   "label": "Valuation Rate",
   "length": 0,
   "no_copy": 0,
   "options": "Company:company:default_currency",
   "permlevel": 0,
   "precision": "",
   "print_hide": 0,
   "print_hide_if_no_value": 0,
   "read_only": 1,
   "remember_last_selected_value": 0,
   "report_hide": 0,
   "reqd": 0,
   "search_index": 0,
   "set_only_once": 0,
   "unique": 0
  },
  {
   "allow_on_submit": 0,
   "bold": 0,
   "collapsible": 0,
   "columns": 0,
   "fieldname": "col_break3",
   "fieldtype": "Column Break",
   "hidden": 0,
   "ignore_user_permissions": 0,
   "ignore_xss_filter": 0,
   "in_filter": 0,
   "in_global_search": 0,
   "in_list_view": 0,
   "in_standard_filter": 0,
   "length": 0,
   "no_copy": 0,
   "permlevel": 0,
   "print_hide": 0,
   "print_hide_if_no_value": 0,
   "read_only": 0,
   "remember_last_selected_value": 0,
   "report_hide": 0,
   "reqd": 0,
   "search_index": 0,
   "set_only_once": 0,
   "unique": 0
  },
  {
   "allow_on_submit": 0,
   "bold": 0,
   "collapsible": 0,
   "columns": 0,
   "fieldname": "uom",
   "fieldtype": "Link",
   "hidden": 0,
   "ignore_user_permissions": 0,
   "ignore_xss_filter": 0,
   "in_filter": 0,
   "in_global_search": 0,
   "in_list_view": 0,
   "in_standard_filter": 0,
   "label": "UOM",
   "length": 0,
   "no_copy": 0,
   "oldfieldname": "uom",
   "oldfieldtype": "Link",
   "options": "UOM",
   "permlevel": 0,
   "print_hide": 0,
   "print_hide_if_no_value": 0,
   "read_only": 0,
   "remember_last_selected_value": 0,
   "report_hide": 0,
   "reqd": 1,
   "search_index": 0,
   "set_only_once": 0,
   "unique": 0
  },
  {
   "allow_on_submit": 0,
   "bold": 0,
   "collapsible": 0,
   "columns": 0,
   "fieldname": "conversion_factor",
   "fieldtype": "Float",
   "hidden": 0,
   "ignore_user_permissions": 0,
   "ignore_xss_filter": 0,
   "in_filter": 0,
   "in_global_search": 0,
   "in_list_view": 0,
   "in_standard_filter": 0,
   "label": "Conversion Factor",
   "length": 0,
   "no_copy": 0,
   "oldfieldname": "conversion_factor",
   "oldfieldtype": "Currency",
   "permlevel": 0,
   "print_hide": 1,
   "print_hide_if_no_value": 0,
   "read_only": 1,
   "remember_last_selected_value": 0,
   "report_hide": 0,
   "reqd": 1,
   "search_index": 0,
   "set_only_once": 0,
   "unique": 0
  },
  {
   "allow_on_submit": 0,
   "bold": 0,
   "collapsible": 0,
   "columns": 0,
   "fieldname": "stock_uom",
   "fieldtype": "Link",
   "hidden": 0,
   "ignore_user_permissions": 0,
   "ignore_xss_filter": 0,
   "in_filter": 0,
   "in_global_search": 0,
   "in_list_view": 0,
   "in_standard_filter": 0,
   "label": "Stock UOM",
   "length": 0,
   "no_copy": 0,
   "oldfieldname": "stock_uom",
   "oldfieldtype": "Link",
   "options": "UOM",
   "permlevel": 0,
   "print_hide": 1,
   "print_hide_if_no_value": 0,
   "read_only": 1,
   "remember_last_selected_value": 0,
   "report_hide": 0,
   "reqd": 1,
   "search_index": 0,
   "set_only_once": 0,
   "unique": 0
  },
  {
   "allow_on_submit": 0,
   "bold": 0,
   "collapsible": 0,
   "columns": 0,
   "fieldname": "transfer_qty",
   "fieldtype": "Float",
   "hidden": 0,
   "ignore_user_permissions": 0,
   "ignore_xss_filter": 0,
   "in_filter": 0,
   "in_global_search": 0,
   "in_list_view": 0,
   "in_standard_filter": 0,
   "label": "Qty as per Stock UOM",
   "length": 0,
   "no_copy": 0,
   "oldfieldname": "transfer_qty",
   "oldfieldtype": "Currency",
   "permlevel": 0,
   "print_hide": 1,
   "print_hide_if_no_value": 0,
   "read_only": 1,
   "remember_last_selected_value": 0,
   "report_hide": 0,
   "reqd": 1,
   "search_index": 0,
   "set_only_once": 0,
   "unique": 0
  },
  {
   "allow_on_submit": 0,
   "bold": 0,
   "collapsible": 0,
   "columns": 0,
   "fieldname": "serial_no_batch",
   "fieldtype": "Section Break",
   "hidden": 0,
   "ignore_user_permissions": 0,
   "ignore_xss_filter": 0,
   "in_filter": 0,
   "in_global_search": 0,
   "in_list_view": 0,
   "in_standard_filter": 0,
   "label": "Serial No / Batch",
   "length": 0,
   "no_copy": 0,
   "permlevel": 0,
   "print_hide": 0,
   "print_hide_if_no_value": 0,
   "read_only": 0,
   "remember_last_selected_value": 0,
   "report_hide": 0,
   "reqd": 0,
   "search_index": 0,
   "set_only_once": 0,
   "unique": 0
  },
  {
   "allow_on_submit": 0,
   "bold": 0,
   "collapsible": 0,
   "columns": 0,
   "fieldname": "serial_no",
   "fieldtype": "Small Text",
   "hidden": 0,
   "ignore_user_permissions": 0,
   "ignore_xss_filter": 0,
   "in_filter": 0,
   "in_global_search": 0,
   "in_list_view": 0,
   "in_standard_filter": 0,
   "label": "Serial No",
   "length": 0,
   "no_copy": 1,
   "oldfieldname": "serial_no",
   "oldfieldtype": "Text",
   "permlevel": 0,
   "print_hide": 0,
   "print_hide_if_no_value": 0,
   "read_only": 0,
   "remember_last_selected_value": 0,
   "report_hide": 0,
   "reqd": 0,
   "search_index": 0,
   "set_only_once": 0,
   "unique": 0
  },
  {
   "allow_on_submit": 0,
   "bold": 0,
   "collapsible": 0,
   "columns": 0,
   "fieldname": "col_break4",
   "fieldtype": "Column Break",
   "hidden": 0,
   "ignore_user_permissions": 0,
   "ignore_xss_filter": 0,
   "in_filter": 0,
   "in_global_search": 0,
   "in_list_view": 0,
   "in_standard_filter": 0,
   "length": 0,
   "no_copy": 0,
   "permlevel": 0,
   "print_hide": 0,
   "print_hide_if_no_value": 0,
   "read_only": 0,
   "remember_last_selected_value": 0,
   "report_hide": 0,
   "reqd": 0,
   "search_index": 0,
   "set_only_once": 0,
   "unique": 0
  },
  {
   "allow_on_submit": 0,
   "bold": 0,
   "collapsible": 0,
   "columns": 0,
   "fieldname": "batch_no",
   "fieldtype": "Link",
   "hidden": 0,
   "ignore_user_permissions": 0,
   "ignore_xss_filter": 0,
   "in_filter": 0,
   "in_global_search": 0,
   "in_list_view": 0,
   "in_standard_filter": 0,
   "label": "Batch No",
   "length": 0,
   "no_copy": 0,
   "oldfieldname": "batch_no",
   "oldfieldtype": "Link",
   "options": "Batch",
   "permlevel": 0,
   "print_hide": 0,
   "print_hide_if_no_value": 0,
   "read_only": 0,
   "remember_last_selected_value": 0,
   "report_hide": 0,
   "reqd": 0,
   "search_index": 0,
   "set_only_once": 0,
   "unique": 0
  },
  {
   "allow_on_submit": 0,
   "bold": 0,
   "collapsible": 0,
   "columns": 0,
   "fieldname": "accounting",
   "fieldtype": "Section Break",
   "hidden": 0,
   "ignore_user_permissions": 0,
   "ignore_xss_filter": 0,
   "in_filter": 0,
   "in_global_search": 0,
   "in_list_view": 0,
   "in_standard_filter": 0,
   "label": "Accounting",
   "length": 0,
   "no_copy": 0,
   "permlevel": 0,
   "print_hide": 0,
   "print_hide_if_no_value": 0,
   "read_only": 0,
   "remember_last_selected_value": 0,
   "report_hide": 0,
   "reqd": 0,
   "search_index": 0,
   "set_only_once": 0,
   "unique": 0
  },
  {
   "allow_on_submit": 0,
   "bold": 0,
   "collapsible": 0,
   "columns": 0,
   "depends_on": "eval:cint(sys_defaults.auto_accounting_for_stock)",
   "fieldname": "expense_account",
   "fieldtype": "Link",
   "hidden": 0,
   "ignore_user_permissions": 0,
   "ignore_xss_filter": 0,
   "in_filter": 0,
   "in_global_search": 0,
   "in_list_view": 0,
   "in_standard_filter": 0,
   "label": "Difference Account",
   "length": 0,
   "no_copy": 0,
   "options": "Account",
   "permlevel": 0,
   "print_hide": 1,
   "print_hide_if_no_value": 0,
   "read_only": 0,
   "remember_last_selected_value": 0,
   "report_hide": 0,
   "reqd": 0,
   "search_index": 0,
   "set_only_once": 0,
   "unique": 0
  },
  {
   "allow_on_submit": 0,
   "bold": 0,
   "collapsible": 0,
   "columns": 0,
   "fieldname": "col_break5",
   "fieldtype": "Column Break",
   "hidden": 0,
   "ignore_user_permissions": 0,
   "ignore_xss_filter": 0,
   "in_filter": 0,
   "in_global_search": 0,
   "in_list_view": 0,
   "in_standard_filter": 0,
   "length": 0,
   "no_copy": 0,
   "permlevel": 0,
   "print_hide": 0,
   "print_hide_if_no_value": 0,
   "read_only": 0,
   "remember_last_selected_value": 0,
   "report_hide": 0,
   "reqd": 0,
   "search_index": 0,
   "set_only_once": 0,
   "unique": 0
  },
  {
   "allow_on_submit": 0,
   "bold": 0,
   "collapsible": 0,
   "columns": 0,
   "default": ":Company",
   "depends_on": "eval:cint(sys_defaults.auto_accounting_for_stock)",
   "fieldname": "cost_center",
   "fieldtype": "Link",
   "hidden": 0,
   "ignore_user_permissions": 0,
   "ignore_xss_filter": 0,
   "in_filter": 0,
   "in_global_search": 0,
   "in_list_view": 0,
   "in_standard_filter": 0,
   "label": "Cost Center",
   "length": 0,
   "no_copy": 0,
   "options": "Cost Center",
   "permlevel": 0,
   "print_hide": 1,
   "print_hide_if_no_value": 0,
   "read_only": 0,
   "remember_last_selected_value": 0,
   "report_hide": 0,
   "reqd": 0,
   "search_index": 0,
   "set_only_once": 0,
   "unique": 0
  },
  {
   "allow_on_submit": 0,
   "bold": 0,
   "collapsible": 0,
   "columns": 0,
   "fieldname": "more_info",
   "fieldtype": "Section Break",
   "hidden": 0,
   "ignore_user_permissions": 0,
   "ignore_xss_filter": 0,
   "in_filter": 0,
   "in_global_search": 0,
   "in_list_view": 0,
   "in_standard_filter": 0,
   "label": "More Information",
   "length": 0,
   "no_copy": 0,
   "permlevel": 0,
   "print_hide": 0,
   "print_hide_if_no_value": 0,
   "read_only": 0,
   "remember_last_selected_value": 0,
   "report_hide": 0,
   "reqd": 0,
   "search_index": 0,
   "set_only_once": 0,
   "unique": 0
  },
  {
   "allow_on_submit": 1,
   "bold": 0,
   "collapsible": 0,
   "columns": 0,
   "fieldname": "allow_zero_valuation_rate",
   "fieldtype": "Check",
   "hidden": 0,
   "ignore_user_permissions": 0,
   "ignore_xss_filter": 0,
   "in_filter": 0,
   "in_global_search": 0,
   "in_list_view": 0,
   "in_standard_filter": 0,
   "label": "Allow Zero Valuation Rate",
   "length": 0,
   "no_copy": 1,
   "permlevel": 0,
   "precision": "",
   "print_hide": 1,
   "print_hide_if_no_value": 0,
   "read_only": 0,
   "remember_last_selected_value": 0,
   "report_hide": 0,
   "reqd": 0,
   "search_index": 0,
   "set_only_once": 0,
   "unique": 0
  },
  {
   "allow_on_submit": 1,
   "bold": 0,
   "collapsible": 0,
   "columns": 0,
   "fieldname": "actual_qty",
   "fieldtype": "Float",
   "hidden": 0,
   "ignore_user_permissions": 0,
   "ignore_xss_filter": 0,
   "in_filter": 0,
   "in_global_search": 0,
   "in_list_view": 0,
   "in_standard_filter": 0,
   "label": "Actual Qty (at source/target)",
   "length": 0,
   "no_copy": 1,
   "oldfieldname": "actual_qty",
   "oldfieldtype": "Read Only",
   "permlevel": 0,
   "print_hide": 1,
   "print_hide_if_no_value": 0,
   "read_only": 1,
   "remember_last_selected_value": 0,
   "report_hide": 0,
   "reqd": 0,
   "search_index": 1,
   "set_only_once": 0,
   "unique": 0
  },
  {
   "allow_on_submit": 0,
   "bold": 0,
   "collapsible": 0,
   "columns": 0,
   "description": "BOM No. for a Finished Good Item",
   "fieldname": "bom_no",
   "fieldtype": "Link",
   "hidden": 1,
   "ignore_user_permissions": 0,
   "ignore_xss_filter": 0,
   "in_filter": 0,
   "in_global_search": 0,
   "in_list_view": 0,
   "in_standard_filter": 0,
   "label": "BOM No",
   "length": 0,
   "no_copy": 0,
   "options": "BOM",
   "permlevel": 0,
   "print_hide": 1,
   "print_hide_if_no_value": 0,
   "read_only": 0,
   "remember_last_selected_value": 0,
   "report_hide": 0,
   "reqd": 0,
   "search_index": 0,
   "set_only_once": 0,
   "unique": 0
  },
  {
   "allow_on_submit": 0,
   "bold": 0,
   "collapsible": 0,
   "columns": 0,
   "fieldname": "col_break6",
   "fieldtype": "Column Break",
   "hidden": 0,
   "ignore_user_permissions": 0,
   "ignore_xss_filter": 0,
   "in_filter": 0,
   "in_global_search": 0,
   "in_list_view": 0,
   "in_standard_filter": 0,
   "length": 0,
   "no_copy": 0,
   "permlevel": 0,
   "print_hide": 0,
   "print_hide_if_no_value": 0,
   "read_only": 0,
   "remember_last_selected_value": 0,
   "report_hide": 0,
   "reqd": 0,
   "search_index": 0,
   "set_only_once": 0,
   "unique": 0
  },
  {
   "allow_on_submit": 0,
   "bold": 0,
   "collapsible": 0,
   "columns": 0,
   "description": "Material Request used to make this Stock Entry",
   "fieldname": "material_request",
   "fieldtype": "Link",
   "hidden": 1,
   "ignore_user_permissions": 0,
   "ignore_xss_filter": 0,
   "in_filter": 0,
   "in_global_search": 0,
   "in_list_view": 0,
   "in_standard_filter": 0,
   "label": "Material Request",
   "length": 0,
   "no_copy": 1,
   "options": "Material Request",
   "permlevel": 0,
   "print_hide": 1,
   "print_hide_if_no_value": 0,
   "read_only": 1,
   "remember_last_selected_value": 0,
   "report_hide": 0,
   "reqd": 0,
   "search_index": 0,
   "set_only_once": 0,
   "unique": 0
  },
  {
   "allow_on_submit": 0,
   "bold": 0,
   "collapsible": 0,
   "columns": 0,
   "fieldname": "material_request_item",
   "fieldtype": "Link",
   "hidden": 1,
   "ignore_user_permissions": 0,
   "ignore_xss_filter": 0,
   "in_filter": 0,
   "in_global_search": 0,
   "in_list_view": 0,
   "in_standard_filter": 0,
   "label": "Material Request Item",
   "length": 0,
   "no_copy": 1,
   "options": "Material Request Item",
   "permlevel": 0,
   "print_hide": 1,
   "print_hide_if_no_value": 0,
   "read_only": 1,
   "remember_last_selected_value": 0,
   "report_hide": 0,
   "reqd": 0,
   "search_index": 0,
   "set_only_once": 0,
   "unique": 0
  }
 ],
 "has_web_view": 0,
 "hide_heading": 0,
 "hide_toolbar": 0,
 "idx": 1,
 "image_view": 0,
 "in_create": 0,
 "is_submittable": 0,
 "issingle": 0,
 "istable": 1,
 "max_attachments": 0,
 "modified": "2017-04-21 02:56:48.306627",
 "modified_by": "Administrator",
 "module": "Stock",
 "name": "Stock Entry Detail",
 "owner": "Administrator",
 "permissions": [],
 "quick_entry": 0,
 "read_only": 0,
 "read_only_onload": 0,
 "show_name_in_global_search": 0,
 "sort_order": "ASC",
 "track_changes": 0,
 "track_seen": 0
}