{
 "allow_copy": 0, 
 "allow_import": 0, 
 "allow_rename": 0, 
 "beta": 0, 
 "creation": "2013-02-22 01:28:01", 
 "custom": 0, 
 "docstatus": 0, 
 "doctype": "DocType", 
 "editable_grid": 1, 
 "fields": [
  {
   "allow_on_submit": 0, 
   "bold": 0, 
   "collapsible": 0, 
   "fieldname": "tax_type", 
   "fieldtype": "Link", 
   "hidden": 0, 
   "ignore_user_permissions": 0, 
   "ignore_xss_filter": 0, 
   "in_filter": 0, 
   "in_list_view": 1, 
   "label": "Tax", 
   "length": 0, 
   "no_copy": 0, 
   "oldfieldname": "tax_type", 
   "oldfieldtype": "Link", 
   "options": "Account", 
   "permlevel": 0, 
   "print_hide": 0, 
   "print_hide_if_no_value": 0, 
   "read_only": 0, 
   "report_hide": 0, 
   "reqd": 1, 
   "search_index": 0, 
   "set_only_once": 0, 
   "unique": 0
  }, 
  {
   "allow_on_submit": 0, 
   "bold": 0, 
   "collapsible": 0, 
   "fieldname": "tax_rate", 
   "fieldtype": "Float", 
   "hidden": 0, 
   "ignore_user_permissions": 0, 
   "ignore_xss_filter": 0, 
   "in_filter": 0, 
   "in_list_view": 1, 
   "label": "Tax Rate", 
   "length": 0, 
   "no_copy": 0, 
   "oldfieldname": "tax_rate", 
   "oldfieldtype": "Currency", 
   "permlevel": 0, 
   "print_hide": 0, 
   "print_hide_if_no_value": 0, 
   "read_only": 0, 
   "report_hide": 0, 
   "reqd": 0, 
   "search_index": 0, 
   "set_only_once": 0, 
   "unique": 0
  }
 ], 
 "hide_heading": 0, 
 "hide_toolbar": 0, 
 "idx": 1, 
 "image_view": 0, 
 "in_create": 0, 
 "in_dialog": 0, 
 "is_submittable": 0, 
 "issingle": 0, 
 "istable": 1, 
 "max_attachments": 0, 
 "modified": "2016-07-11 03:28:01.235369", 
 "modified_by": "Administrator", 
 "module": "Stock", 
 "name": "Item Tax", 
 "owner": "Administrator", 
 "permissions": [], 
 "quick_entry": 0, 
 "read_only": 0, 
 "read_only_onload": 0, 
 "track_seen": 0
}